ID,Name,Supplier,Product Class,Product Category,Pack Cost (£),Pack Quantity,Pack Type,Single Unit Type,Weight/Volume,Unit of Measure,Supplier Code,Allergens,Status
"8e5ca67f-df00-4014-a894-a591f615f713","Almond Cookie ","","Cookie","Cookies","1.500","1.000","Each","Each","","","Almondcookie","","ACTIVE"
"012dec05-7941-4355-860b-cf8fc06a5381","Almond Swirl","","Swirls","Pastry","2.500","1.000","Each","Each","","","Almond Swirl","","ACTIVE"
"9a3d0923-5d96-4c58-97fd-ea894cefbb5c","Brown Butter Choc Cookie","","Cookie","Cookies","1.500","1.000","Each","Each","","","Brown Butter Choc Cookie","","ACTIVE"
"0bc3d576-a851-4256-a9a5-3f44a897f59e","Choc Hazelnut Swirl","","Swirls","Pastry","2.500","1.000","Each","Each","","","Choc Hazelnut Swirl","","ACTIVE"
"ac3347b8-1915-4083-8d4f-1c7f8967fa63","Cinna Swirl","","Swirls","Pastry","2.500","1.000","Each","Each","","","Cinna Swirl","","ACTIVE"
"4f583103-1b1c-4a5e-abff-e34520c1b974","Croissant","","Croissant","Pastry","1.500","1.000","Each","Each","","","Croissant","","ACTIVE"
"85a04cf1-c3c9-4acf-849c-61cb5e309306","Earl Grey Morning Swirl","","Swirls","Pastry","1.500","1.000","Each","Each","","","Earl Grey Morning Bun","","ACTIVE"
"d59fe4fb-c4d8-4d12-a4ee-bc58d387fe28","Flourless Pecan cookie","","Cookie","Cookies","1.500","1.000","Each","Each","","","Flourless Pecan cookie","","ACTIVE"
"526c17aa-1700-43ab-ac88-333697a31d73","Gingerbread ","","Cookie","Cookies","0.500","1.000","Each","Each","","","Gingerbread","","ACTIVE"
"6fe8791e-5701-47d4-af58-0add98298141","Lemon Poppy Swirl","","Swirls","Pastry","2.500","1.000","Each","Each","","","Lemon Poppy Swirl","","ACTIVE"
"46b10aaa-7bc7-42f0-8f8c-dff0af3aaddf","Not a Pan Au Choc","","Croissant","Pastry","1.500","1.000","Each","Each","","","Not a Pan Au Choc","","ACTIVE"
"864b8098-b464-46a1-bd55-f113125e575e","Oatmeal raisin cookie","","Cookie","Cookies","1.000","1.000","Each","Each","","","Oatmeal raisin cookie","","ACTIVE"
"11ed85f0-7e96-41c7-ae0a-091460d34639","Pistachio Swirl","","Swirls","Pastry","2.500","1.000","Each","Each","","","Pistachio Swirl","","ACTIVE"
"2209c9f2-94f3-4b9c-8cc5-746c3e374859","PR Cinnamon BOX","","Croissant","Food","9.900","1.000","Box","Box","","","PRcinBOX","","ACTIVE"
"11ef199f-f2ba-4cdb-a444-70dad510df5c","PR Croissant BOX","","Croissant","Food","5.600","1.000","Box","Box","","","PRCroisBOX","","ACTIVE"
"6b633945-bf2a-4f4e-97bd-f446445cf0df","PR MIX BOX","","Croissant","Food","7.500","1.000","Box","Box","","","PRMixBOX","","ACTIVE"
"fbeac77d-83d7-462a-a7e6-7b39367f28d2","PR Morning BOX","","Croissant","Food","7.600","1.000","Box","Box","","","PRMonBOX","","ACTIVE"
"a1b99cb8-4866-42c9-bf95-5576cbb7b8a9","PR PAC BOX","","Croissant","Food","5.600","1.000","Box","Box","","","PRPACBOX","","ACTIVE"
"7413ef2a-4a34-4c20-9b51-cae58b0e2acc","Red Pesto & Cheese Swirl","","Swirls","Pastry","2.000","1.000","Each","Each","","","Red Pesto & Cheese Swirl","","ACTIVE"
"4ab5898b-41e7-4601-a687-8642b2a4fc40","SV box","","Croissant","Food","5.000","1.000","Box","Box","","","SVbox","","ACTIVE"
"f22f6686-3ea8-4265-b1da-defb9c68e68f","SV ginger heart","","Cookie","Cookies","0.500","1.000","Each","Each","","","SVgingerheart","","ACTIVE"
"f17b6977-d9ec-4e4f-8f5f-d49efe024466","Triple Choc Hazelnut Cookie","","Cookie","Cookies","1.500","1.000","Each","Each","","","Triple Choc Hazelnut Cookie","","ACTIVE"
"8b50d59d-3d1d-4ba9-b1fc-93822dcfab29","Vanilla Bean Swirl","","Swirls","Pastry","2.500","1.000","Each","Each","","","Vanilla Bean Swirl","","ACTIVE"
"acb50452-2c1e-4c61-a8aa-11365c160e65","Allspice","","Food","Food","11.490","1.000","Box","Box","500.000","GRAM","ALLSPICE GROUND","","ACTIVE"
"d1c12442-58d1-4e80-af8b-643264e7e583","Almond extract","","Food","Food","3.660","1.000","Bottle","Bottle","60.000","MILLILITRE","ESSNMALMOND","","ACTIVE"
"5222602c-863f-4e08-a6ce-7bd6efe5352d","Apple Pectin","","Food","Food","33.560","1.000","Pack","Pack","500.000","GRAM","PECTINAPP","","ACTIVE"
"475d4e6d-650e-4e46-ac7b-a9ae3e3a845a","Apple Slices, Frozen","","","Fruit & Veg","3.410","1.000","Bag","Bag","1.000","KILOGRAM","APPLESLICED","","ACTIVE"
"23cd82f8-1989-42f7-9399-d798f50cde19","Applewood Cheese","","Food","Food","3.650","1.000","Pack","Pack","200.000","GRAM","CHEESEVEGANAPPSL","","ACTIVE"
"89097ed3-f058-4560-af7f-0a1f438dfe73","Avocado Diced, Frozen","","","Fruit & Veg","8.420","1.000","Bag","Bag","1.000","KILOGRAM","AVOCADODICED","","ACTIVE"
"47640992-7bb6-40e1-a193-4c9f3f51faa0","Basil","","Food","Fruit & Veg","1.890","1.000","Bag","Bag","100.000","GRAM","BASELFR","","ACTIVE"
"0e348d9b-cf9a-48d2-b758-0f86da7f124a","Canned peppers","","Food","","8.690","1.000","Can","Can","2500.000","GRAM","PEPPERSROASTR","","ACTIVE"
"e8480d98-8b02-406f-a7c9-4968a087a129","Coconut cream","","Food","Food","1.700","1.000","Can","Can","400.000","GRAM","COCCREAM","","ACTIVE"
"1a40a05d-964a-4e31-9d25-b8a5ddc836f0","Coconut Milk Rude Health","","","Beverage","2.450","1.000","Bottle","Bottle","1.000","LITRE","MILKCOCONUTR","","ACTIVE"
"ee2523a4-e09e-4c3c-8b3b-3aa417e5aa2b","Dijon Mustard","","Food","Sauces","4.100","1.000","Pack","Pack","1000.000","GRAM","MUSTDIJ1","","ACTIVE"
"5b360406-0c6e-43a3-8dea-4c70dc5c3667","Dried Sage","","Food","Food","4.290","1.000","Box","Box","200.000","GRAM","Sage","","ACTIVE"
"cbb74508-8bb6-42da-ac51-e6b9ef9c1d68","Dried Tyhme","","Food","Food","3.500","1.000","Box","Box","200.000","GRAM","Tyhme","","ACTIVE"
"17cc008a-91bb-44e4-8ad5-ee5db63b395c","Ffreeze dried Strawberries","","Food","Frozen","11.250","1.000","Pack","Pack","100.000","GRAM","STRAWBFDSLCD","","ACTIVE"
"db063a33-70ca-47bc-bca9-c6d72fabafb3","Fine Salt","","Food","Food","10.690","1.000","Bag","Bag","10000.000","GRAM","SALTSEA10","","ACTIVE"
"627cfe2d-5897-49e3-80f2-fabe2323fa71","Flat Leaf Parsley","","Food","Fruit & Veg","1.490","1.000","Bag","Bag","100.000","GRAM","PARSLEYRET","","ACTIVE"
"119c891a-abea-47fe-b105-f0e5aedc9ec9","Flax seeds","","Food","Food","3.250","1.000","Kg","Kg","1000.000","GRAM","LINSEEDG","","ACTIVE"
"8dcdda8f-ea74-4d66-adf1-b50afb757730","Frozen banana","","Food","Frozen","27.400","1.000","Pack","Pack","10000.000","GRAM","BANANAFZ","","ACTIVE"
"c0fb6f49-a69e-4dcd-9965-c5afcc34bc0e","Frozen blueberries","","Food","Frozen","6.220","1.000","Pack","Pack","1000.000","GRAM","BLUEBERRFZ","","ACTIVE"
"b2279c6e-f9e5-4454-8c7a-e28fecc1aa23","Frozen Lemon Zest","","Food","Frozen","6.420","1.000","Pack","Pack","500.000","GRAM","ZESTFZLEMON","","ACTIVE"
"f99b31e4-16aa-44b0-b4d4-bbeafc179e9a","Frozen Orange zest","","Food","Frozen","6.100","1.000","Pack","Pack","500.000","GRAM","ZESTFZORANGE","","ACTIVE"
"b4538270-c8bc-4b55-973a-bb0f47df012d","Frozen spinach","","Food","Frozen","5.480","1.000","Pack","Pack","2500.000","GRAM","SPINACHFZ","","ACTIVE"
"18918daf-6dc8-445f-8c19-7ed47b7e9eb8","Frozen Strawberrys","","Food","Frozen","8.980","1.000","Pack","Pack","2500.000","GRAM","STRABFZ2","","ACTIVE"
"dfeb95d8-a5f7-4900-bcc5-9499e54c8014","Garlic Powder","","Food","Food","4.980","1.000","Box","Box","500.000","GRAM","Garlicpow","","ACTIVE"
"99a73e00-e719-403b-bb06-f1183822dfe7","Ginger","","Food","Fruit & Veg","4.950","1.000","Pack","Pack","1000.000","GRAM","GINGERFR","","ACTIVE"
"1cf544c6-d671-4ec9-846a-ee0703a84beb","Granular Citric Acid","","Food","Dry","18.750","1.000","Kg","Kg","1000.000","GRAM","CITRICACIDPOWDER","","ACTIVE"
"81dbd484-7681-4594-a17b-b9a81db0f7d3","Green Apples","","Food","Fruit & Veg","2.090","1.000","Bag","Bag","1000.000","GRAM","APPLEFBRAM","","ACTIVE"
"e9c06886-5b06-4ad6-9537-e7e1f437afbd","Ground ginger","","Food","Food","3.900","1.000","Box","Box","500.000","GRAM","GINGGROUND","","ACTIVE"
"a463eda7-34b5-4920-a7b3-3d0700154f52","Lemon Juice, Fresh","","Food","Food","3.890","1.000","Pack","Pack","1000.000","GRAM","LEMONF","","ACTIVE"
"31b2bed1-8766-4de6-bd3d-13c018ef3f0a","Loose leaf earl gray tea","","Food","Food","5.590","1.000","Pack","Pack","100.000","GRAM","TEANEARLLOOSE","","ACTIVE"
"3d834be7-d38c-40f1-8050-b1697b56adf9","Mango Cubes","","","Fruit & Veg","4.690","1.000","Bag","Bag","1.000","KILOGRAM","MANGOCUBESFZ","","ACTIVE"
"4dd4aeac-8389-47af-b3bb-3494f57607bb","Nutritonal Yeast","","Food","Dry","22.980","1.000","Box","Box","650.000","GRAM","NUTRITIONAL750","","ACTIVE"
"ea374747-e8f7-4295-92de-f1b1e5b31206","Oat Rude Health (occasional)","","Food","Alternative milk","11.340","6.000","Case","Carton","1000.000","GRAM","MILKOATRUDE","","ACTIVE"
"3d345320-abcf-4558-8256-6390b7e1325d","Onion Powder","","Food","Food","3.900","1.000","Box","Box","500.000","GRAM","Onionpow","","ACTIVE"
"9c526d25-56f0-4e8e-ab61-208f5461213b","Orange Juice CPU","","Food","Bakery","2.990","1.000","L","L","1000.000","MILLILITRE","ORANGEF","","ACTIVE"
"93aa6f5b-5412-465e-a6bb-c290a7f92fe5","Original Coconut Water - Vita Coco","","","","12.990","12.000","Case","Bottle","1.000","LITRE","COCONUTWATER","","ACTIVE"
"cfe2eac1-d69c-4fbb-8c42-180992cc5a07","Poppy seeds","","Food","Food","4.980","1.000","Box","Box","500.000","GRAM","POPPY","","ACTIVE"
"0409670a-5b00-4b25-87d1-1daa18378af7","Psyllium Husk","","Food","Food","17.980","1.000","Pack","Pack","500.000","GRAM","PsylliumHusk500","","ACTIVE"
"848130d9-ae62-48d1-8140-792911e75557","Raspberry powder","","Food","Dry","12.350","1.000","Pack","Pack","100.000","GRAM","RASPBDRIED","","ACTIVE"
"1ae2ceff-22ad-42a2-8a6d-75d00fd0c7d1","Red Wine Vinegar","","Food","Food","1.890","1.000","Bottle","Bottle","1000.000","GRAM","VINRW1","","ACTIVE"
"beea68df-ecfa-4983-945b-7d9b9d324d57","Rose Petals","","Food","Food","8.390","1.000","Pack","Pack","100.000","GRAM","ROSEOETAL","","ACTIVE"
"31e0e531-a95a-49e9-bfe0-5d7d125560ea","Sage","","Food","Fruit & Veg","1.690","1.000","Bag","Bag","100.000","GRAM","SAGEFR","","ACTIVE"
"2edeef79-c76e-4695-9308-9c1a5b9d1780","Shipton flour croissants","","Food","","33.790","1.000","Bag","Bag","25000.000","GRAM","FLOUSHIPCROISSAN","","ACTIVE"
"ade00922-6102-4fbb-88a5-121e8a3e17fc","Soy Sauce - Kikkoman","","Food","Food","7.390","1.000","Bottle","Bottle","1.000","LITRE","SOYSAUCEKIK1","","ACTIVE"
"ecef0938-b0d6-4ba2-bd0a-3f72cf8c6787","Strawberries,Frozen","","","","8.980","1.000","Bag","Bag","2.500","KILOGRAM","STRAWBFZ2","","ACTIVE"
"2879c362-a4ef-4b8a-b1e1-978c89b8d25e","Sun dried tomatoes","","Food","Food","11.500","1.000","Kg","Kg","1000.000","GRAM","SUNTOM1","","ACTIVE"
"55cfde2b-9dfb-4a98-89b5-b91ea33b3cd9","tofu","","Food","","3.380","1.000","Each","Each","450.000","GRAM","TOFUPLAIN","","ACTIVE"
"08f42009-1d81-4f23-b09a-cd7461ba0f91","Tomarto Powder","","Food","Food","15.950","1.000","Box","Box","500.000","GRAM","TOMATOPOW500","","ACTIVE"
"4835d1d3-9873-4cea-a56e-51938daf101b","Turmeric Ground","","Food","Food","5.490","1.000","Box","Box","500.000","GRAM","Turmeric","","ACTIVE"
"b11eaddc-f0af-4f05-ba50-ea5e9c8adfa7","Vanilla Extract","","Food","Food","9.790","1.000","Bottle","Bottle","118.000","GRAM","ESSVANNM118","","ACTIVE"
"28cbde75-5794-4805-9872-e179c3cbb889","Yoghurt Coconut Collaborative","","Beverage","Beverage","8.540","1.000","Item","Item","1.000","KILOGRAM","YOGCOCONUT1","","ACTIVE"
"2f2a7155-a7f9-4948-a393-c431f1257a35","Greaseproof squares (200x200)","","Packaging","Packaging","0.070","100.000","Pack","Each","","","Greaseproof squares (200x200)","","ACTIVE"
"456a6f08-e13b-4e18-92d2-88ebde461c93","10/12/16oz","","Packaging","Packaging","52.840","1000.000","Box","Each","1.000","EACH","678905","","ACTIVE"
"c1cf7836-5098-4ed1-9002-a9038e7dd5b0","12oz Cup Green Decent","","Packaging","Packaging","68.800","1000.000","Case","Each","1.000","EACH","00001","","ACTIVE"
"a868bff7-5eb3-43eb-ae81-b1d53236381d","6/8oz lid Decent","","Packaging","Packaging","46.620","1000.000","Box","Each","1.000","EACH","0987","","ACTIVE"
"9630783f-346c-424b-8b52-0e5aee72992e","6mm Straws","","Packaging","Packaging","34.020","2000.000","Box","Each","1.000","EACH","9846","","ACTIVE"
"d6106aff-8e0d-46f0-879a-28eebe739b85","6oz Cup Decent","","Packaging","Packaging","50.320","1000.000","Box","Each","1.000","EACH","000098","","ACTIVE"
"8255996f-dab5-4474-b518-8f245cec8e55","8oz Cup","","Packaging","Packaging","52.000","1000.000","Box","Each","1.000","EACH","09876","","ACTIVE"
"bf7933a5-3568-4859-bac9-8e2a29718f4d","clear cup lid","","Packaging","Packaging","44.100","1000.000","Box","Each","1.000","EACH","3579","","ACTIVE"
"47dc3a94-a5a8-468b-aae5-43a36170606f","Decent Clear Cup 12 Oz","","Packaging","Packaging","177.920","1000.000","Case","Each","1.000","EACH","00000","","ACTIVE"
"cb8cbf6c-df8b-4705-a878-fbceab089e57","espresso Cup","","Packaging","Packaging","50.000","1000.000","Box","Each","1.000","EACH","9762678","","ACTIVE"
"cc19b73c-97ad-4e75-9d5f-e3896f4723a0","Handle Kraft Bags","","Packaging","Packaging","55.020","1000.000","Box","Bag","1.000","EACH","000021","","ACTIVE"
"3f145f13-3eb0-46b4-8063-edb8fb8dc98b","Kraft Bag","","Packaging","Packaging","23.000","1000.000","Box","Each","1.000","EACH","000003","","ACTIVE"
"980365c7-15b9-46fe-84ed-e056e15ac731","General waste bin bags","","Other","Cleaning","42.500","25.000","Pack","Each","","","White bin bags","","ACTIVE"
"9a82a24a-0cf9-44cc-9153-fba364c89b7c","Recycling bin bags","","Other","Cleaning","27.500","25.000","Pack","Each","","","Recycling bin bags","","ACTIVE"
"a0b860e3-6840-4f91-baa4-51dd4750948f","12oz cup","","Packaging","Packaging","86.000","1.000","Case","Case","1000.000","EACH","CUP0080","","ACTIVE"
"b0985027-255f-4bdb-83e6-2c533a918312","12oz lid","","Packaging","Packaging","66.050","1.000","Case","Case","1000.000","EACH","LID0025","","ACTIVE"
"4ef5c7fd-bfa1-4080-9276-b0e34bff9a6b","1883 - Strawberry Syrup","","","","9.500","1.000","Bottle","Bottle","1.000","LITRE","FSP0110","","ACTIVE"
"2d1e9622-392b-4189-b820-c9bca437bd64","1883 Syrup - Mango","","","","9.500","1.000","Bottle","Bottle","1.000","EACH","FSP0490","","ACTIVE"
"75ca20cf-f5c3-4f7c-b1d5-310cd4bc45a0","6/8oz lid","","Packaging","Packaging","58.280","1.000","Case","Case","1000.000","EACH","LID0015","","ACTIVE"
"e6a1e6ac-019f-4aa2-9ed4-abe36a33d8c2","6oz cup","","Packaging","Packaging","58.500","1.000","Case","Case","1000.000","EACH","CUP0020","","ACTIVE"
"8b02962b-273c-4f11-ab5f-7ed2098af497","8oz cup","","Packaging","Packaging","65.000","1.000","Case","Case","1000.000","EACH","CUP0030","","ACTIVE"
"8f0ee5dc-f8d4-46ad-a96f-25032aeb9b07","Alchemy Chai Con","","Beverage","Beverage","19.950","1.000","Bottle","Bottle","750.000","MILLILITRE","FAA0010","","ACTIVE"
"ec3e387f-70b2-41bc-9dd4-0e968a8dec0a","Almonds Flaked","","Food","Food","78.950","1.000","Bag","Bag","10000.000","GRAM","NT3/FL/10","","ACTIVE"
"1948a553-783d-4f70-81de-feed99f6d21c","Almonds Ground","","Food","Food","72.950","1.000","Bag","Bag","10000.000","GRAM","NT1/WH/10B","","ACTIVE"
"97e7a3c0-4126-4950-bea3-5888d2c5d3a4","AntibacterialSurface spray","","Other","Cleaning","14.000","6000.000","Case","Each","","","CL/0030","","ACTIVE"
"107a71b3-cf21-492a-ad2e-51fbb8e31480","Baking Powder","","Food","Food","8.490","1.000","Pack","Pack","3500.000","GRAM","AD18/3","","ACTIVE"
"27c0ccdf-8276-4fc5-96f7-ce3d8687fd74","Bicarb of Soda","","Food","Food","5.400","1.000","Pack","Pack","3000.000","GRAM","AD19/5","","ACTIVE"
"b751324e-876a-4149-b9b1-29cf90e1c75e","Blanched peanut","","Food","","109.860","1.000","Bag","Bag","2200.000","GRAM","NT5/BL/25","","ACTIVE"
"ea874e37-ffd7-4a43-8c67-f4a63de2988f","Blue roll","","Other","Cleaning","10.500","6.000","Pack","Each","","","P8/X7","","ACTIVE"
"79d81e45-db9f-4567-8829-98bdbfd46887","Bonsoy Soy milk","","Beverage","Beverage","15.790","6.000","Box","Carton","1.000","LITRE","BON0010","","ACTIVE"
"d36ccc5a-1e9a-46c2-9e00-717e7a3f36d0","Brown Napkins","","Packaging","Packaging","38.000","1.000","Case","Case","5000.000","EACH","NAP0010","","ACTIVE"
"f49260ab-46cf-418a-89ee-47cd1907e531","Brown Strung Bags","","Packaging","Packaging","8.200","1.000","Case","Case","1000.000","EACH","BAG0050","","ACTIVE"
"949a78f9-177d-4a61-86f0-0ef0da388b88","Califia Oat Milk 6x1ltr","","Beverage - Coffee","Alternative milk","7.750","6.000","Case","Carton","1.000","LITRE","CLF0010","","ACTIVE"
"540a5972-ad4c-41d9-b7cf-0ab7188b4b45","Can0 Sparkling Cano water","","Beverage","Beverage","11.500","24.000","Case","Can","","","CAN0020","","ACTIVE"
"3bb8c7a5-1650-4b18-8dc6-9f73a74711d6","Can0 Still Cano water","","Beverage","Beverage","11.500","24.000","Case","Can","","","CAN0010","","ACTIVE"
"7c2523a3-0381-4123-a41e-a4a487eb68af","Caramel Syrup","","Beverage - Coffee","Syrups","9.500","1.000","Bottle","Bottle","","","SG22","","ACTIVE"
"17ff2987-535d-42c1-af94-ef46dd4da048","Cardomom Ground","","Food","Food","21.560","1.000","Bag","Bag","500.000","GRAM","SHCAR","","ACTIVE"
"6469b6c8-1ab4-4030-b659-4087ecbae6ba","Cashew pieces","","Food","","105.690","1.000","Bag","Bag","22680.000","GRAM","CASH01","","ACTIVE"
"361c8dca-b685-4f38-8c6b-cb0a0a3567a4","Caster Sugar","","Food","Food","17.500","1.000","Bag","Bag","25000.000","GRAM","SG3/BS","","ACTIVE"
"2e270b63-632a-4e9a-87ed-114973a68ef2","Chocolate 54%","","Food","Food","144.950","1.000","Pack","Pack","10000.000","GRAM","CH1/10/D","","ACTIVE"
"c327760b-6a94-4a42-b6a4-f5f840a612e4","Chocolate 70%","","Food","Food","158.950","1.000","Pack","Pack","10000.000","GRAM","CH/70C","","ACTIVE"
"de6be6c4-762a-41e5-b98a-28632fe00ccc","Chocolate choc Batons","","Food","Food","19.950","1.000","Pack","Pack","1600.000","GRAM","CH/BARS","","ACTIVE"
"89d3c8ec-aa3e-4a21-9ea4-c3dcbd899094","Cinnamon Ground","","Food","Food","24.440","1.000","Bag","Bag","3000.000","GRAM","SH15/GR/3","","ACTIVE"
"b0dfbed3-7fcf-4a91-b417-547100c70294","CLEANUX THICK BLEACH 5L  *SPLIT*","","Other","Cleaning","4.150","1.000","Bottle","Bottle","","","CLC0110","","ACTIVE"
"16e7ee52-c1dd-43ae-be6b-8223c6347fc8","Cling Wrap","","Other","Cleaning","9.790","300.000","Box","Each","","","HR13/18","","ACTIVE"
"6a95e140-5806-4380-9c50-05444bf6d37f","Cocoa Powder","","Beverage","Beverage","95.960","1.000","Pack","Pack","10000.000","GRAM","COA01","","ACTIVE"
"3adcdbd5-3105-4c9b-9c9c-361701b96896","Coconut oil","","Food","Food","38.350","1.000","Tub","Tub","10000.000","GRAM","COCO010","","ACTIVE"
"e1a5bd74-ccb6-459b-bbd5-f0181f7d238d","Cornflour","","Food","Food","38.610","1.000","Box","Box","25000.000","GRAM","FL11","","ACTIVE"
"5f0d9a4d-ddf2-43c9-a5c7-4f71f7bfe7a7","Cranberries","","Food","Food","67.230","1.000","Pack","Pack","11340.000","GRAM","T28/C","","ACTIVE"
"2fa5b125-3db1-4b8f-82af-3f3cc4283cd0","Daily Dose Apple Juice","","Beverage","Beverage","23.700","12.000","Case","Bottle","1.000","EACH","DLD0020","","ACTIVE"
"727aae11-e8ae-404c-94b5-1d6e88344c85","Daily Dose Hot Shot","","Beverage","Beverage","23.900","16.000","Case","Each","1.000","EACH","DLD0040","","ACTIVE"
"50b41069-0a66-4fe3-ac46-d349664c243c","Daily Dose  Orange juice","","Beverage","Beverage","23.700","12.000","Case","Bottle","1.000","EACH","DLD0010","","ACTIVE"
"246d28ba-ca50-422f-ad36-862f6ca2628d","Dark Soft Brown Sugar","","Food","Food","22.500","1.000","Bag","Bag","25000.000","GRAM","SG10/25","","ACTIVE"
"8e6b6edd-dca8-44d8-8d2a-df0ae95fb1b0","Demerara Sugar","","Food","Food","22.500","1.000","Bag","Bag","25000.000","GRAM","SG11/25","","ACTIVE"
"ded1ff48-9e5f-4382-b12a-6774cbfdb27c","Diced Dates","","Food","Food","26.490","1.000","Pack","Pack","12500.000","GRAM","DF20","","ACTIVE"
"e5f5ddae-134a-4f06-bb3f-1a8a8bbc0497","Dishwasher Detergent","","Other","Cleaning","5.740","5000.000","Case","Each","","","CLD010","","ACTIVE"
"e3436981-c5f5-4772-a740-8513417208e0","Disposable Piping Bag","","Other","Other","9.990","100.000","Box","Each","","","PIPING","","ACTIVE"
"86d58569-06e9-4e83-bbd4-da54ab130abb","Dried Raisins","","Food","Food","58.950","1.000","Pack","Pack","12500.000","GRAM","DF8","","ACTIVE"
"443a61bf-9b74-4253-94b7-4bb702ce60f2","Dried Yeast","","Food","Food","62.740","1.000","Pack","Pack","10000.000","GRAM","Y5","","ACTIVE"
"81c1d0b5-56a9-4c5e-97bd-96c5d00a663d","Espresso Cleaner","","Beverage","Cleaning","8.990","1.000","Pack","Pack","900.000","GRAM","PUL0010","","ACTIVE"
"2a2b3fac-59a8-48a3-b6f6-231c4302e66a","Espresso cups","","Packaging","Packaging","48.200","1.000","Case","Case","1000.000","EACH","CUP0010","","ACTIVE"
"25c920bc-958a-483e-ad39-6e97ee9ecd81","Fine Desicated Coconut","","Food","Food","109.950","1.000","Pack","Pack","25000.000","GRAM","CC/F25","","ACTIVE"
"b96e993d-ac4c-4a0e-b482-588237205176","Flaked Salt","","Food","Food","24.000","1.000","Box","Box","3000.000","GRAM","Flaked Salt","","ACTIVE"
"e941fed1-266c-41c8-a275-f34bf1ddc259","Floor Cleaner","","Other","Cleaning","10.150","1.000","Case","Case","5000.000","MILLILITRE","Floor Cleaner","","ACTIVE"
"2f3d90cd-cefd-45fc-a2e1-593b039b77ec","Glass & Steel cleaner","","Other","Cleaning","14.000","6000.000","Case","Each","","","Glass & Steel cleaner","","ACTIVE"
"1e6e6112-665e-4dc8-9f9a-0358e8e9a94f","Gloves, Large","","Other","Cleaning","5.950","1.000","Box","Box","100.000","EACH","Gloves, Large","","ACTIVE"
"738cbeba-39a1-4ec8-8305-984c55308aaa","Gloves, Medium","","Other","Cleaning","5.950","1.000","Box","Box","100.000","EACH","Gloves, Medium","","ACTIVE"
"ef3ae065-ddb8-44d9-a7c7-9f00b3337a7b","Glucose","","Food","Food","18.950","1.000","Pack","Pack","12500.000","GRAM","Glucose","","ACTIVE"
"1347de13-52ae-474c-b7b8-ecc801646097","Good & Proper Earl Grey","","Beverage","Beverage","48.000","250.000","Box","Bag","1.000","EACH","Earl Grey","","ACTIVE"
"eb1443a8-5d4c-4ece-987a-6fb18a3e79e2","Good & Proper Everyday Brew","","Beverage","Beverage","40.000","250.000","Box","Bag","1.000","EACH","Everyday Brew","","ACTIVE"
"415c24f7-4ada-4080-a87e-c1dc3818b29e","Good & Proper Hoicha","","Beverage","Beverage","7.000","1.000","Box","Box","50.000","GRAM","Hoicha","","ACTIVE"
"e9465fec-d7fd-48a7-80d5-6321327de31c","Good & Proper Matcha","","Beverage","Beverage","24.500","1.000","Box","Box","100.000","GRAM","Matcha","","ACTIVE"
"05191f84-7ae3-446b-b71a-0bb7d48f93aa","Ground Black Pepper","","Food","Food","41.000","6.000","Case","Bag","550.000","GRAM","Ground Black Pepper","","ACTIVE"
"fd86d065-0c5d-4239-ac77-3a1cc4031b2b","Ground Nutmeg","","Food","Food","17.030","1.000","Bag","Bag","1000.000","GRAM","Ground Nutmeg","","ACTIVE"
"038052fb-ef38-43c0-ad0c-3748b67ebeef","Handle Bags Large","","Packaging","Packaging","15.250","1.000","Case","Case","250.000","EACH","Handle Bags Large","","ACTIVE"
"a71fe130-1736-43a4-a449-f9dd3c3fe021","Hand soap","","Other","Cleaning","7.080","5000.000","Case","Each","","","Hand soap","","ACTIVE"
"1329576f-2fc8-4367-b4ee-b7bbb31cb3bf","Hazelnuts","","Food","Food","479.950","1.000","Bag","Bag","25000.000","GRAM","Hazelnuts","","ACTIVE"
"739a7aa3-6cac-4dc1-af08-f92263d5c218","Hazelnut Syrup","","Beverage - Coffee","Syrups","8.150","1.000","Bottle","Bottle","1.000","EACH","SG24","","ACTIVE"
"8ec58891-1b02-4588-b77b-013d34202aa1","Hollander - Chocolate Mix","","Beverage - Coffee","Beverage","16.500","1.000","Bottle","Bottle","1800.000","GRAM","HDS0010","","ACTIVE"
"f02bb650-5d2f-4377-89aa-b6cdec1c8b46","Icing Sugar","","Food","Food","22.500","1.000","Bag","Bag","25000.000","GRAM","Icing Sugar","","ACTIVE"
"73e594ce-151d-4be6-9c5f-ee856726dab1","Jumbo Rolled Oats","","Food","Food","25.950","1.000","Pack","Pack","25000.000","GRAM","Jumbo Rolled Oats","","ACTIVE"
"28930535-eefc-420b-b789-9899bb287e98","Light Soft Brown","","Food","Food","22.500","1.000","Bag","Bag","25000.000","GRAM","Light Soft Brown","","ACTIVE"
"e0fb98c2-2cce-4842-9419-16f22e21473c","Maple Syrup - Grade A Dark Robust - (1x4L BIB)","","Food","Food","70.000","1.000","Tub","Tub","4000.000","GRAM","Mapmps0010","","ACTIVE"
"d88dfc57-d7a4-4367-81cc-eb3271adce16","Mop Handle","","Other","Cleaning","7.990","1.000","Each","Each","1.000","EACH","CLM0015","","ACTIVE"
"a3640ffb-2ef7-41a9-9f13-cacca133e633","Mop Head","","Other","Cleaning","5.990","1.000","Each","Each","1.000","EACH","CLM010","","ACTIVE"
"9f1d6c91-0e76-4194-9af5-c4f93ac43d68","Oatly","","Beverage","Beverage","14.450","8.000","Case","Carton","1.500","LITRE","Oatly","","ACTIVE"
"126a1a99-1cb4-4adb-a99e-051c618c9635","Oil Spray","","Food","Food","29.950","6.000","Case","Bottle","600.000","MILLILITRE","Oil Spray","","ACTIVE"
"550901c8-37b1-4890-b00c-aa16b2e96ce4","Oven Spray","","Other","Cleaning","4.200","1.000","Bottle","Bottle","","","Oven Spray","","ACTIVE"
"69a41027-b046-48ad-9ce7-d2fa0f061134","Paper for wholesale boxes","","Packaging","Packaging","24.950","1.000","Pack","Pack","1000.000","EACH","P4","","ACTIVE"
"a2f637f1-ba99-4d81-b905-eedefd8a56b8","Paprika","","Food","Food","25.950","6.000","Case","Bag","500.000","GRAM","Paprika","","ACTIVE"
"fc3fb23a-e37e-43f5-a1c3-75798f343964","Pecan Pieces","","Food","Food","169.950","1.000","Bag","Bag","13600.000","GRAM","Pecan Pieces","","ACTIVE"
"ba93b14c-4f55-4a84-abf3-608fb1ba45d5","Pistachio Pieces","","Food","Food","245.500","1.000","Bag","Bag","10000.000","GRAM","Pistachio Pieces","","ACTIVE"
"b36ea9ba-4953-444a-bdbc-15466fecbc2c","Plastic Bags for cookies","","Packaging","","38.950","1.000","Pack","Pack","2000.000","EACH","POLY/XL","","ACTIVE"
"ae0f9374-83eb-4af3-b9c0-239cb0b847d8","Poly Bags Large","","Other","Other","34.950","1000.000","Box","Each","","","Poly Bags Large","","ACTIVE"
"3459677a-6ab2-4af1-b0c3-b4c96980eb66","Rinse aid","","Other","Cleaning","5.410","5000.000","Case","Each","","","Rinse aid","","ACTIVE"
"71b2fd2e-67c1-4e95-a033-27795972a310","RudeHealth oat","","Food","Alternative milk","10.500","6.000","Case","Carton","1.000","LITRE","RHA0070","","ACTIVE"
"a6040c1d-5905-42f9-8e2f-8d2d6b52a011","Sesame Seeds","","Food","Food","62.500","1.000","Bag","Bag","25000.000","GRAM","Sesame Seeds","","ACTIVE"
"f478df17-81a5-4016-a74e-ec006c5b05bb","Stirrers","","Packaging","Packaging","4.500","1.000","Case","Case","10000.000","EACH","Stirrers","","ACTIVE"
"d830388e-dbc1-4d71-b3fb-6c9eb6c8527e","Straws smoothie 12mm","","Packaging","Packaging","5.750","1.000","Case","Case","250.000","EACH","Straws smoothie 12mm","","ACTIVE"
"75ab214e-60fa-4f27-9b05-5f595fa586ad","Sugar Sachets","","Beverage","Beverage","7.000","1.000","Box","Box","1000.000","EACH","Sugar Sachets","","ACTIVE"
"ae734e8c-d43a-43ba-97fb-d8eca7090894","Sunflower Oil","","Food","Food","42.950","1.000","Bottle","Bottle","20000.000","MILLILITRE","Sunflower Oil","","ACTIVE"
"a027b282-4ad8-4881-9fb6-bd7721856b11","Sweetner Sachets","","Beverage","Beverage","15.200","1.000","Box","Box","1000.000","EACH","Sweetner Sachets","","ACTIVE"
"a6413bdd-ef8f-4776-b064-5e57e0ff2923","Syrup Pump","","","","0.000","1.000","Each","Each","","","PUMP","","ACTIVE"
"03502e66-759b-46c7-b94c-924f70cf3dee","Thick Bleach","","Other","Cleaning","4.150","5000.000","Case","Each","","","Thick Bleach","","ACTIVE"
"8c4f11df-dc29-430b-9d41-ebef75329f9e","Toilet paper","","Other","Cleaning","20.000","36.000","Box","Each","1.000","EACH","STT0010","","ACTIVE"
"63b36f8c-864a-4fa4-9625-77f19289cbd3","Trump XL Rinse aid","","Other","Cleaning","5.410","5000.000","Case","Each","","","Trump XL Rinse aid","","ACTIVE"
"56ab4788-2a27-4ae2-98dc-05ef7698e0c6","Vanilla Syrup 1883","","Beverage - Coffee","Syrups","8.150","1.000","Bottle","Bottle","1.000","LITRE","SG23","","ACTIVE"
"e0bb3cdb-e576-4d0a-ab23-b04d93a197b0","Vitamin Well - Elevate pineapple strawberry","","Beverage","Beverage","12.220","12.000","Case","Each","1.000","EACH","Vitawell elevate","","ACTIVE"
"03d8d469-ba9e-40a1-8b85-22c13bcbc2c2","Vitamin Well - Hydrate - Rhubarb & Strawberry","","Beverage","Beverage","12.220","12.000","Case","Each","1.000","EACH","Vitamin Well - Hydrate - Rhubarb & Strawberry","","ACTIVE"
"2b0526e6-6f61-4c86-8b04-77b2e1a19eb1","Vitamin Well - Recover - Peach & Elderflower","","Beverage","Beverage","12.220","12.000","Case","Each","1.000","EACH","Vitamin Well - Recover - Peach & Elderflower","","ACTIVE"
"f6d6ab20-9f02-473a-8da4-955f2ae66f18","Vitamin Well - Reload - Lemon & Lime","","Beverage","Beverage","12.220","12.000","Case","Each","1.000","EACH","Vitamin Well - Reload - Lemon & Lime","","ACTIVE"
"f2afbe6d-1598-49e3-8c2d-f39bb6a6299c","Walnut Pieces","","Food","Food","78.000","1.000","Bag","Bag","13600.000","GRAM","Walnut Pieces","","ACTIVE"
"a526f31c-75b0-40c4-91e2-0f0a06ae30d1","Washing up liquid","","Other","Cleaning","5.630","5000.000","Case","Each","","","Washing up liquid","","ACTIVE"
"a9827b15-85e9-4228-b298-fc669b7866ac","WASHING UP LIQUID PREMIUM 5LTR","","Other","Cleaning","5.630","5.000","Bottle","L","","","CLC040","","ACTIVE"
"63226c6e-ecff-4149-ad8d-2bca5c4e036e","White Chocolate","","Food","Food","44.950","1.000","Pack","Pack","2500.000","GRAM","White Chocolate","","ACTIVE"
"a8347347-6d24-4373-b4aa-2b3bfb57b73c","Wooden spoons","","Packaging","Packaging","0.040","1.000","Case","Case","1000.000","EACH","WCC0030","","ACTIVE"
"40cfe147-94ed-4013-8e62-3bff5c291ee8","Yellow sponges","","Other","Cleaning","2.500","1.000","Pack","Pack","10.000","EACH","CLS020","","ACTIVE"
"213b7bab-1374-4532-985f-7b9e79d24ec4","Okja Printed boxes large","","Packaging","Packaging","95.000","250.000","Box","Each","1.000","EACH","94793749","","ACTIVE"
"0c5f8110-805d-422b-b0ba-e6b14e44d2be","16oz clear cup","","Packaging","","62.000","1000.000","Box","Each","1.000","EACH","P51203","","ACTIVE"
"8a9d5599-31d9-403b-9664-2c442ab96928","16oz lids","","Packaging","","32.000","1000.000","Box","Each","1.000","EACH","p51220","","ACTIVE"
"0b043fff-f195-4a72-a4a3-d4d8607d320c","1 Pastry Crashlock Box","","Packaging","Packaging","40.680","200.000","Box","Each","1.000","EACH","1 pastry Crashlock box","","ACTIVE"
"d8ec49bc-2113-4346-b8a2-41157314c0c6","2 Pastry Crashlock Box","","Packaging","Packaging","42.500","200.000","Box","Each","1.000","EACH","2 Pastry Crashlock Box","","ACTIVE"
"18a82621-bd51-44d3-8cb3-7e1db7ceb560","Coffee","","Beverage - Coffee","Coffee","5.300","1.000","Bag","Bag","500.000","GRAM","Coffee","","ACTIVE"
"dcc3836c-0def-486f-8c8c-e6fbdd53a82b","Decaf","","Beverage","Coffee","5.300","1.000","Bag","Bag","500.000","GRAM","Decaf","","ACTIVE"
"19ce7fcb-9387-43c7-8137-61ce1a133ac5","Oat milk","","Beverage","Dairy","1.300","1.000","Carton","Carton","1.000","LITRE","Oat milk","","ACTIVE"
"0ca5c133-8559-4f53-946c-06db0028dbd2","Stickers Green okja","","Packaging","Packaging","680.000","10000.000","Pack","Each","1.000","EACH","stickers","","ACTIVE"
"b62f9a98-47c4-46d5-bec3-ecb06cdc477a","Swedish tray","","Packaging","Packaging","37.220","500.000","Pack","Each","1.000","EACH","Okja","","ACTIVE"
"04f2ff56-06f8-4c50-aa49-8c5ed6a655b2","Tom pesto","","Food","Food","4.750","1.000","Jar","Jar","200.000","EACH","Tom","","ACTIVE"
"30f1f791-473c-4a75-bad6-608b1dd72d40","Decaf coffee (Origin)","","Beverage - Coffee","Coffee","26.820","1.000","Bag","Bag","1.000","KILOGRAM","Atlas Decaf","","ACTIVE"
"f6fbfaa8-99d7-4962-a931-daf83b5f775b","Origin Coffee","","Beverage - Coffee","","108.870","3.000","Case","Bag","2.000","KILOGRAM","Resolute - 3 x 2kg - Whole Bean - Case of 6kg","","ACTIVE"
"21e9f700-263d-4a88-a539-e8e9fefbb8fd","LAF Cleaner tabs","","Beverage","Cleaning","15.340","400.000","Box","Each","","","LAF Cleaner tabs","","ACTIVE"
"4eb423ef-9041-4a76-abdb-482067eb63d3","Coconut oil NUTSINBULK","","Food","Dry","50.630","1.000","Box","Box","12.500","KILOGRAM","CoconutNIB","","ACTIVE"
"9b0e48df-0311-40eb-bf8c-692c5a92bf3c","cornflour Sainsbury","","Food","Dry","2.750","1.000","Pack","Pack","500.000","GRAM","cornfloursansbury","","ACTIVE"
"be28613c-3665-4383-ac70-70be5b718ef3","vanilla extract tesco","","Food","Dry","1.800","1.000","Bottle","Bottle","60.000","MILLILITRE","vanillatesco","","ACTIVE"
"a26645bb-2f34-46ba-957a-29690dae0e64","Vegan Banana bread","","Food","","16.000","1.000","Each","Each","879.000","GRAM","veganbananbread","","ACTIVE"
"96a1fa7e-29a3-400d-bc69-c29eb4d9b313","Flour, Croissant","","Food","Dry","23.160","1.000","Bag","Bag","25000.000","GRAM","Flour, Croissant","","ACTIVE"
"b009a52a-d541-45e1-81bc-4e1e4e532ab5","Flour, Soft White","","Food","Dry","10.100","1.000","Bag","Bag","16000.000","GRAM","Flour, Soft White","","ACTIVE"
"7e87e1ec-4c18-4a6e-bb3d-4c0f8f026242","Delivery fee","","","","6.620","1.000","Box","Box","","","delivery fee","","ACTIVE"
"47134484-604a-4363-8835-109c3755c68c","Gellan Gum","","Food","Food","45.950","1.000","Pack","Pack","500.000","GRAM","5060341112928","","ACTIVE"
"df5c5f7d-f80f-4688-bf52-9b03079e860d","Sunflower Lecithin Powder","","Food","Food","289.950","1.000","Pack","Pack","10000.000","GRAM","5056191008665","","ACTIVE"
"d39fed7b-889b-46a5-8c0a-7ee3444102ed","Vanilla powder","","Food","","299.950","1.000","Box","Box","1000.000","GRAM","5056191017049","","ACTIVE"